{"count":1,"self":16446.676992,"total":23221.250853899997,"children":{"AgentSendState":{"count":12500368,"self":153.71160319999998,"total":1570.3573285999998,"children":{"CollectObservations":{"count":5000148,"self":96.9019904,"total":96.901987999999989,"children":null},"CollectDiscreteActionMasks":{"count":5000148,"self":14.3051888,"total":14.3051886,"children":null},"AgentInfo.ToProto":{"count":5000148,"self":43.3538048,"total":1305.4385447,"children":{"GenerateSensorData":{"count":5000148,"self":219.8888704,"total":1262.0847397999999,"children":{"RayPerceptionSensor.Perceive":{"count":20000592,"self":1042.1958656,"total":1042.1958682,"children":null}}}}}}},"DecideAction":{"count":12500368,"self":4955.7819392,"total":4955.7819617,"children":null},"AgentAct":{"count":12500368,"self":216.2934784,"total":217.1924831,"children":{"AgentInfo.ToProto":{"count":3257,"self":0.0360459,"total":0.8990005,"children":{"GenerateSensorData":{"count":3257,"self":0.1761469,"total":0.8629546,"children":{"RayPerceptionSensor.Perceive":{"count":13028,"self":0.6868077,"total":0.6868077,"children":null}}}}}}},"AgentInfo.ToProto":{"count":110728,"self":1.7108786,"total":31.2411338,"children":{"GenerateSensorData":{"count":110728,"self":5.258044,"total":29.5302552,"children":{"RayPerceptionSensor.Perceive":{"count":442912,"self":24.272211199999997,"total":24.2722114,"children":null}}}}}},"gauges":{"Autopark.CumulativeReward":{"count":113985,"max":7.409184,"min":-0.0523956865,"runningAverage":0.944849432,"value":1.6450001,"weightedAverage":1.00033784}},"metadata":{"timer_format_version":"0.1.0","start_time_seconds":"1625403115","unity_version":"2019.4.28f1","command_line_arguments":"C:\\Program Files\\Unity\\Hub\\Editor\\2019.4.28f1\\Editor\\Unity.exe -projectpath C:\/Users\/Ares Agourides\/Desktop\/PRJ-PARKING\/test2\/unity2019\/AutonomousParkingMLUnity-master -useHub -hubIPC -cloudEnvironment production -hubSessionId 9d9795b0-dcc4-11eb-b1d9-f94d4385c9a3 -accessToken 9KUHLJYVu2TBD6icMgWQVu3Qol6GMwligyJfLXCdVbI006f","communication_protocol_version":"1.0.0","com.unity.ml-agents_version":"1.0.7","scene_name":"Training","end_time_seconds":"1625426336"}}